Humedad del Suelo (%),Temperatura de la Zona (°C),Helada de Suelo (Sí/No)
59.393215353459226,13.715210831246303,No
74.36704297351775,-9.597452173756267,Si
64.24870384644794,9.033047834288908,No
59.03948646972072,18.350815637641947,No
48.128931940501424,-8.240982719036376,Si
68.13047017599905,25.180859320949203,No
49.38284901364233,10.803256665426922,No
90.25957007038718,-8.773558066971283,Si
96.72964844509264,-1.0234555231663922,Si
44.50973669431999,28.147027857092517,No
81.25525342743981,13.292789322082214,No
57.600542777761405,-5.7010972892478184,Si
61.124010498453906,1.5017800912224608,No
93.3036974463395,8.26814503441937,No
16.393245237809825,-9.161997229290781,Si
17.841636973138662,6.464620544550353,No
11.819655769629314,9.578345417387926,No
84.93578609931441,-0.2528849887507114,Si
80.03410758548654,13.545560011679463,No
88.30109334221372,20.129604783687075,No
98.07565080094876,-0.5666310357745807,Si
81.92427077950512,14.819996011199507,No
51.53314260276387,15.584889718549665,No
80.24762586578099,27.94161204515364,No
20.64469832820399,21.13104669185775,No
67.59289191947715,23.933810791600237,No
22.901795866814176,9.616796337451007,No
95.02020253446256,-2.5860565208246866,Si
56.96634895750645,29.8326117183854,No
47.319574599147124,-4.8257695584520155,Si
33.81000508941643,8.858292774170614,No
79.6810320490795,-7.276276030315736,Si
51.05352989948937,27.754034294032778,No
61.15905539817837,28.596997633937583,No
11.691082039271963,18.775562480158943,No
65.58719473682893,3.9997137452067566,No
65.08861504501792,0.1752960447049734,No
65.52405971872813,0.6121329814818957,No
94.93732706631617,-4.908238983197011,Si
71.36382691931351,11.032358123068917,No
42.35571105164074,-4.3273089719409,Si
49.332875841940734,2.66922666213825,No
72.78680763345383,15.068259038364197,No
15.420292446634285,19.101744383629992,No
70.00900439011009,-9.029091815117551,Si
70.35740826563435,7.204639375069597,No
28.934430496645682,16.08498379368556,No
21.603366788936796,24.129839046340514,No
38.38855158317655,9.012991288483295,No
42.73396938483604,28.76823486870741,No
61.317709337609166,0.6253019016578918,No
49.47413621160883,-9.459651734931246,Si
98.95364542533035,9.350114588069445,No
19.184032967322526,0.2445518008007177,No
28.79890804853512,22.94870688092678,No
24.517856609649662,-0.6890931127555167,Si
68.77974929188585,2.4251687316522528,No
32.79624422858039,21.64909724076449,No
51.96796955706757,18.6057300810144,No
31.998303280144246,12.322049466290501,No
24.307262528096775,18.197922476910378,No
19.933762704787462,6.745474542801059,No
69.06966305187461,-9.787598095413287,Si
22.43646562137524,-9.545794859512299,Si
27.692412551204814,10.448871502947465,No
43.18526535948677,-6.6683608112400306,Si
83.88939068631416,-7.956980793229729,Si
18.739114821375516,28.620665565498932,No
85.41504167489235,24.36010558632234,No
18.648856710456677,-3.9189109116172194,Si
97.88135185120562,-9.97343125639182,Si
52.178608148293144,27.666711815590254,No
97.90849793713035,1.133011932804573,No
64.43609677705413,-2.5640958857801,Si
76.53372214584715,17.660324313261412,No
13.526901302888861,-5.643850446346952,Si
35.45262663187686,0.5859839201120121,No
20.8176905091852,29.00378720848186,No
36.65261777699304,15.57851097896041,No
20.685494705881965,10.82711165930214,No
38.618486145457844,5.91674459339751,No
47.283669506320294,20.98003819536808,No
15.773274671390592,-4.361700939052251,Si
72.32249074330178,28.693512081479284,No
60.99413087859176,24.444920322631468,No
33.885054184550086,14.70627930276973,No
57.09232481200297,-8.283752383897674,Si
18.45464596825975,18.034225977909507,No
61.83518460005614,26.531373635419236,No
93.63665778185927,10.98308269914504,No
38.67120572061913,4.168992873090511,No
70.06693419673135,-5.188906200821215,Si
21.861807616395296,20.19604416550273,No
74.4694483706709,25.400874048472247,No
36.0465483652481,-5.989930236966057,Si
26.487222580640516,20.359382190093676,No
62.78616413290749,-9.3175805496361,Si
11.80967915687442,28.68219672308878,No
84.60460262956268,14.602320825403847,No
10.422592857329235,12.097562359665325,No
71.0034883116607,1.8379933435571125,No
34.30071758729484,27.17166686279134,No
76.16746199103353,0.6362250934716407,No
96.59696906056944,23.125864528667798,No
32.387782916796226,29.404347173485277,No
61.85416009760532,21.335865820592232,No
63.28377381446551,10.759596815457272,No
61.502671521178605,-7.357029445933123,Si
30.077346937655648,8.89655156684292,No
95.74741103652865,7.530237878868142,No
50.241284075586464,-1.8881583525201897,Si
86.1767805224015,6.943505468572177,No
72.95313477857539,4.310315363213547,No
36.76932557696203,-3.4526295539340612,Si
83.24180377322295,7.654965733299445,No
45.685516676228616,0.5119982529795628,No
89.29928774000454,10.882496827290574,No
62.314558537227285,-8.593597611352234,Si
89.35618256693675,26.24925679149137,No
72.32784310699893,22.654572220794243,No
75.27288518376764,12.103253300420182,No
55.119194373403204,24.072343310289725,No
96.04752712509016,28.495802952432015,No
67.95911793066736,-5.5791082378935775,Si
48.14695437023617,15.233272336392151,No
64.57538927151319,29.919760037426343,No
11.727387847840017,29.515566773341043,No
37.141733500709435,14.132919691629784,No
69.41561837434165,-4.879165181967333,Si
36.10698464893997,13.32771323962113,No
65.62138860989575,-9.91741457702313,Si
48.589183085118954,-2.0435466133256153,Si
22.19266578002052,28.244926382398397,No
36.84540933604277,3.217622904113755,No
61.29684196311384,15.53560423107794,No
63.17854851233559,1.2343797852897076,No
61.689272396462094,27.912875484463584,No
68.78807378714203,19.14234919797947,No
68.689294300152,3.1860463032565036,No
48.827659189057655,21.670456847214833,No
90.68919362659567,-5.673379020946494,Si
43.08056830431069,5.692757602618377,No
49.227843273906416,-1.1512748907363068,Si
90.2731019514105,17.349057891041852,No
82.55745901414771,-5.902148729122785,Si
73.34997251863297,5.881033291306963,No
19.0204198581071,1.0659892083675828,No
92.75343523702062,10.253716772952167,No
74.28171695942002,3.995907220155157,No
99.89623059110798,18.25642310668044,No
23.450347419219437,-9.016919027721357,Si
88.13134516313929,15.359476852236298,No
24.624364120873736,-0.7771484122472003,Si
65.40036078554598,0.748361150273972,No
21.143798456449737,22.010224143340942,No
86.3207406390011,28.22273575921683,No
82.65870628525096,2.6620084010834653,No
61.2190664753134,23.072210814763025,No
46.64649675033997,-5.840366481150676,Si
16.225029590962425,15.359266120295327,No
72.76858958301074,20.041291981396753,No
50.818841441026194,-3.7608828786217385,Si
74.98500395233131,7.040095506782421,No
87.97440933357663,25.708286569959263,No
97.79693545025972,-5.856861462065113,Si
87.02230081533499,-9.276145671940995,Si
11.054267576650178,13.62341516191735,No
42.39802580305275,7.421261621237338,No
75.69915061816522,21.94756995535611,No
25.446670953529647,26.938221528164263,No
56.893294558371636,1.966145781752644,No
14.890418950532826,5.536164686764211,No
27.999687240676007,9.450883453172594,No
11.666961501455258,13.526058417411974,No
81.43279330216785,29.35415318726467,No
30.153221925434213,17.89321003320206,No
41.08165126272124,5.5819402938227505,No
93.52731641190317,0.5507074580184845,Si
73.39729617311795,27.78502873688496,No
12.865503657817706,-4.578062675659744,Si
24.822474084812146,18.81063410019032,No
65.93305613497873,27.015801011697626,No
61.950572974375085,16.586623461377545,No
31.410353923705777,6.922177606644844,No
94.07925981323145,-2.04036240298064,Si
65.25693603693064,4.699012890077089,No
58.20695227224625,18.274872376804883,No
63.091897871911385,15.981368967011875,No
75.71098265650927,27.119046663934313,No
38.07504959316417,24.674436546375,No
45.83989559944827,22.646030090654733,No
28.88593740776099,26.458035014030493,No
26.757370529230254,1.0534861094819767,No
94.99351509855403,4.78094160558598,No
76.55957155443588,5.195756151440696,No
54.141292775581036,12.418023548391211,No
30.46731651759909,16.72872918171084,No
32.892083359335366,1.4686673216157722,No
15.222624429148805,-9.221501307627985,Si
49.09749630023087,5.968895346316373,No
38.06162937946923,2.3411183821760204,No
72.67091399339135,27.687388760721916,No
43.99766553632328,25.53060162176174,No
26.164330980367133,24.412427133736784,No
12.22108555521981,16.119990437809722,No
16.05246683169237,3.7715665879575546,No
71.14534961487107,11.953970695972188,No
50.83271601004408,22.60900162865491,No
58.292128999785,-6.0555852510875585,Si
90.70041637363079,22.04299521021219,No
99.13050526570339,-8.352808346875133,Si
29.520728595862654,22.65684124857423,No
69.67703827900907,22.30255216639494,No
33.69901390634356,-7.959707646849767,Si
11.858589951915581,15.08642845847433,No
78.25407884525274,10.098122972515888,No
38.801543574022105,-3.2072198731314128,Si
44.51175047547082,-4.064842492904974,Si
62.948540219824515,20.930365042680926,No
84.79436097125713,12.707709953473763,No
66.6083659232034,29.319965396661296,No
88.53855899026557,29.289911091533767,No
34.61878313340722,29.706679738570656,No
81.82421505213074,-5.255379265369364,Si
26.7072349875357,27.53024547855849,No
95.751249127475,-0.2172156391774891,Si
71.87394487490337,8.32849039034448,No
29.39569094022026,20.296262232869037,No
95.26335314400318,-1.855162716910721,Si
75.7770226093142,12.652464222173197,No
32.854747833552324,-2.567330070960172,Si
29.198077963073377,-5.810555732748268,Si
56.638064253759694,-5.337655502816059,Si
12.309644624907842,4.305561393928752,No
28.672306789699846,-9.81380652651266,Si
48.22169218763556,6.994156848067583,No
43.6752982300803,16.56788420324596,No
51.72178819283296,6.067527400159548,No
34.98658356652587,-6.568215979206595,Si
62.81059118123519,-7.492445519054378,Si
87.74700453309083,1.1246605105944685,No
20.57786703658298,-3.2274923782559695,Si
56.56411964387028,28.603798928718774,No
21.886129571063798,-3.9507910010366,Si
74.51737130733343,22.21849749619986,No
45.645373252656434,13.444317669645791,No
60.88791806726581,12.771476799371776,No
26.495185259267075,10.483228636951381,No
23.03629834090395,28.87052304455804,No
53.92506525840591,4.553791003665513,No
42.005146406496,21.51663003815505,No
94.63887507275318,12.211764298678386,No
78.87927284262688,5.825346705029046,No
77.37972578654926,28.21863733223124,No
91.33477657713401,13.932638774587485,No
17.50801918978167,-5.243322314159458,Si
59.69732229301659,6.701568039874264,No
62.6028462060192,21.263269107264303,No
96.5742740692506,17.74988092956855,No
36.2932774113294,26.653613193462967,No
31.674590192390212,0.37509536566080826,No
19.026454803894804,20.327748654152952,No
11.478666663232678,8.395008295780837,No
93.65763851129715,12.944389878672617,No
70.29248919318191,28.201867240251318,No
80.6637620820824,29.171452799567092,No
35.355709517855416,24.46363855702254,No
62.7769149567694,4.363883509211849,No
15.7559739508883,25.50803342909279,No
53.70648363411606,15.54436710565652,No
97.97456257700021,7.199871218828523,No
88.88547207849317,-8.570292699980651,Si
40.4343056653161,20.805124967663286,No
96.54131390873486,10.084223228964522,No
30.853146382408408,21.44753997860243,No
95.43869401741134,19.920911973730796,No
94.72399342358487,21.74269472193408,No
81.92823286171526,2.0260463478706736,No
66.7403143180112,22.031943962705242,No
88.68591699624523,11.953853138646693,No
36.3718256057017,8.933048017965728,No
86.40491997816264,17.005036552830276,No
65.60890227257714,-9.145652682466068,Si
11.191317198300954,-5.907327364496231,Si
41.251016613899765,1.6870946067008816,No
23.332677485334855,29.319604398313587,No
98.36464508364278,-4.410168845401801,Si
53.053327633598926,3.2238520303684126,No
54.76522289487964,-7.957877412323056,Si
67.55252647588512,3.250755211709052,No
43.172614551665575,2.8130514604332646,No
22.321024451703906,27.872286837780884,No
83.9905959874821,23.80616347982881,No
27.086312071248216,5.310568769710859,No
56.01870842918104,-9.009237678430054,Si
30.188532607726533,23.24124455981513,No
18.806003604463065,16.421447085781608,No
87.5972365679515,-3.905420653947611,Si
97.56275401208173,29.842850840407486,No
96.47511922567001,-5.990662503035078,Si
91.58999492990611,24.684581663746513,No
79.6642599428775,1.7706465651875583,No
39.98306368257777,7.414138653006283,No
17.29912509891971,21.818261071052586,No
46.65170542724266,17.10033423976041,No
30.901072795384845,27.51457497776157,No
21.923887128218468,14.845613018415328,No
14.808446360814273,-6.08759354083789,Si
75.30349277895209,25.374414529678013,No
11.028471276252793,20.76622099954364,No
79.35226736524986,18.47481803573288,No
23.225198086033757,-7.850658105850585,Si
17.156987432808016,5.848909786469761,No
18.064273081474482,-3.302567221618431,Si
70.4843026618523,22.876156336314757,No
32.08304888675603,18.02114491271451,No
47.84855200120886,25.32310389276541,No
60.16319121915252,28.66300427696656,No
87.44960564459144,20.989904567699945,No
75.43398364401955,29.76932332883048,No
34.32951147148432,14.590795445771953,No
21.833451936201485,-8.514815844342088,Si
14.983688837907815,-9.429939393988164,Si
37.14387710328482,3.6841550081515493,No
33.59063343157104,22.93886876270149,No
51.05265101204317,24.645388252989243,No
71.49532019929124,28.432501152907115,No
72.60629010749714,-7.395141258047264,Si
35.516696192395,-8.217155560493437,Si
44.193426031010844,26.531343854681346,No
26.303586556321275,2.201867934514464,No
80.96909610758668,12.319496024385309,No
15.116326878991627,29.297795320028392,No
72.72975175524886,6.017941389436935,No
80.0825856346993,16.634855932393595,No
79.96668056638778,6.035182545279412,No
33.34803079108194,20.72778657851119,No
43.64318241393053,11.108589022914632,No
62.88396716767501,-0.49907448054601034,Si
34.55397121820204,0.8522440503386477,No
43.37675192960999,0.32236850153628893,No
27.734885216707568,11.29281313034243,No
51.387029538040665,18.127560640626573,No
14.015107112870268,27.971196001725687,No
81.98162961135561,17.763495003319196,No
16.926080228796945,21.247713758495625,No
56.695163394837344,-3.242955365417375,Si
37.61290895906765,4.962505000293028,No
61.97886539482379,6.551208794330641,No
96.34900067500826,17.45520920001892,No
68.10132200104034,1.8356790550749444,No
13.182619217994183,2.131676856786644,No
48.73621955572551,4.235566185634724,No
55.90151670864252,22.412083261729293,No
58.25597452331068,13.103603601733948,No
71.3253259543454,-6.988908806690621,Si
34.98364879585895,-6.870156012381248,Si
21.59745089196882,4.851477771299972,No
45.34081088923849,20.663642024246332,No
96.0765150516354,17.54733705914722,No
26.841780257576026,18.319294186047465,No
91.35855594354133,20.688402642163876,No
58.94253550695937,1.486108515453175,No
51.12202794811893,11.930251277683517,No
89.38372692069007,11.734105612670781,No
51.27435655917273,19.585300047197972,No
75.17508729503889,28.274822764225853,No
45.912278953279184,1.1195977918186362,No
91.3639953610862,21.731266910281928,No
72.10225181721046,16.398821940930496,No
72.96598488254651,13.209514834538403,No
39.494836140140706,20.995191173896078,No
78.11007784632002,27.761298657123973,No
67.24549499024272,-8.53234328522348,Si
31.60182460417386,-4.103995899471173,Si
24.448494023673078,20.25148926004463,No
81.67523270655985,-6.648345883596618,Si
96.32499427317002,10.644948029643722,No
51.23249445340386,-1.2055689343357212,Si
63.18857487913164,0.9718281537100601,No
87.19503797741991,18.07361931777665,No
51.150110801847134,-8.792289069251535,Si
95.66870291494625,24.932777116076146,No
61.81760458403852,7.779158214090799,No
83.86904086311834,10.095731756284042,No
91.79593465714645,11.601918547747676,No
83.3971436891712,15.821771783179756,No
24.347301710406036,3.7942634649099247,No
66.60085951555303,-5.955700377460347,Si
45.859083275770935,2.7351574666470633,No
15.644165682101114,-3.2743152790871877,Si
48.16290267008578,12.245327178018957,No
33.2815660200467,2.7211452384154597,No
86.41344775856597,28.322687119737395,No
12.997416389202657,28.62937111921123,No
96.30844496771262,14.805035222729657,No
41.98319636247366,14.699890706691438,No
42.10362013622886,29.41514258268424,No
11.46956524153371,25.49132604940744,No
26.670909271256555,20.6027979663256,No
46.11335507232479,2.543624469708048,No
93.63622755724425,4.621561124723055,No
18.96534371991442,-1.9493293695653833,Si
95.07713801311716,9.485925076694986,No
88.2539677491969,29.61474088558318,No
50.87461572167966,26.486038120463547,No
39.403079359143405,-5.266022639221237,Si
30.946971635115116,-8.992388428379755,Si
65.3018235829187,25.94550673633065,No
12.976713232795506,11.486805117948297,No
11.404545800214539,-1.9924044716617537,Si
48.5916150248414,16.946130783385414,No
16.12666665772482,15.7689271171928,No
32.674688942148364,-5.1165757265413125,Si
29.904482381147545,0.3840093399047806,No
32.78720743505667,-7.596881427469682,Si
21.794970809373197,-1.605581045194322,Si
11.083260060788884,-4.707773005877485,Si
20.39358674248733,-2.2705483010177563,Si
65.66322335614731,17.41868583652468,No
97.68305915362453,-8.02001022955729,Si
99.13105014048045,-5.925815390071341,Si
46.814868583575546,-4.6330544768684945,Si
24.66589834419448,2.661644838325362,No
67.48855816298763,1.950012434077637,No
54.127481189386344,0.20255141266557786,No
99.04687995559883,20.02146613729665,No
15.877378643660219,29.920911510324025,No
80.49109944824318,11.359116945151833,No
35.955864759834455,27.768108716557684,No
31.72767580689166,5.864404485042588,No
69.62541143794084,-5.7327021278914625,Si
32.1456866491868,6.3509531787934925,No
69.92732058032689,1.8451109365877336,No
56.55776654820599,9.736278491567127,No
48.168008959226434,16.281747076656927,No
59.921902779527706,8.442008766096329,No
35.83463679276667,27.406420483113024,No
73.5917235645681,25.390592891975196,No
47.337118240020764,18.079103806647886,No
42.4491004437303,9.587396494581967,No
84.5791223100164,-4.732508727421725,Si
93.2470220757873,5.880546671105336,No
14.140657979856723,18.176061576046948,No
30.936429354678896,1.395420822149248,No
41.36674325433069,-5.840476898263183,Si
83.34698314332226,26.315938300425124,No
98.69422848789678,18.362032392621785,No
97.20745342033166,14.611057065403887,No
91.44535109949342,21.69995622435666,No
36.69006385576269,23.42584150333903,No
99.28101190730267,9.338359926840933,No
32.44780369508061,25.2475300563776,No
19.5315539394009,26.656760428044215,No
95.58573499498547,0.8620438169912568,Si
31.007822992128666,14.301814391631773,No
72.07914385699755,11.063361152818768,No
15.25207230825298,11.5178311660761,No
75.76381892147286,27.50652375858248,No
89.35481911004557,2.207548107721159,No
34.519320591936626,29.337359129383046,No
44.11512064696857,26.085248592169286,No
43.68665649888245,8.348915544540105,No
77.39094317861198,22.698130544726645,No
31.402651828513495,20.76187977280562,No
25.46677891428787,17.11579878474085,No
50.43624838189643,2.7933555753261707,No
37.402156663958756,-2.1419603271618426,Si
85.52702100327872,16.861107870630327,No
31.39676434140749,23.71893185604337,No
55.21505117403353,-9.349888452905212,Si
94.83252397281373,15.712135012340482,No
67.05979279701947,7.714920984888497,No
88.05604649162183,25.923510205079346,No
94.61887204192907,2.85891723416821,No
77.56883756977167,8.96739249054487,No
72.96175542022763,10.590684161407452,No
97.11690099438043,-4.382419145157881,Si
99.49607106829114,18.515692107956255,No
50.66395144027837,23.21905380483838,No
16.37828003657875,-7.68362892414959,Si
36.35146282964669,1.6555528214761104,No
23.71192351189574,-8.478212738597684,Si
47.57377373164106,28.261764187529693,No
21.81603956259304,16.68675282815294,No
64.37060236187938,28.568016778191264,No
44.45272532420687,11.259771133252311,No
90.5847295859389,22.082740955824555,No
97.10152046186516,4.9765593551896,No
59.219641150247995,4.1527613029056365,No
34.73412128808369,5.130712684205307,No
63.30073768856531,16.31448534905713,No
90.70850424019689,4.378126040866089,No
46.60600112521735,26.014698064169025,No
59.68704490227738,29.330994602006214,No
34.44874908455313,-8.782939386519764,Si
50.989973450502426,-2.2550683839001406,Si
46.15421818416388,-5.51000029650456,Si
32.35721185746739,-8.30543811634227,Si
55.527974544277754,-0.8903602661085408,Si
37.93427433818303,7.871732814763245,No
43.573137749267275,23.479614611547348,No
57.247339802883786,-1.1270387796001557,Si
77.55355206360888,9.75781022648805,No
40.015671921214775,27.18474957787018,No
93.17428899586872,16.688588271466998,No
87.60866921523122,21.923160790239898,No
14.382126637797569,12.03975880741945,No
32.82782718311405,29.2186583536252,No
50.152196139328176,13.546486187258967,No
19.416509986822668,-8.17957144149634,Si
41.362839013014735,-2.0806880024082064,Si
76.60877730559143,6.1909451582859205,No
71.24630330285433,14.051086902951052,No
66.01459857094044,20.877234696358396,No
73.9475562450111,6.523445036155451,No
28.443131826373158,18.402332200627548,No
40.75283033782589,21.594780124365,No
70.86182340497166,2.6904078899993102,No
89.13112867281944,29.170809601432744,No
58.931024844528565,15.986259809433424,No
35.4429685850983,25.23992243144525,No
12.721173220538432,12.237507552344269,No
73.93031460767921,19.66412428609295,No
10.709569315759634,20.821762464654615,No
43.5411162838896,26.329935169383162,No
57.74834931065036,-3.9860097251451876,Si
92.99003155904738,12.331336966769939,No
18.05450905296101,7.135140524234252,No
46.53480897714554,26.926360846949613,No
12.1881879739142,-5.796212230040032,Si
40.83498859074313,29.302955547236508,No
66.00079529558154,25.018052963731854,No
35.116115340573856,-7.046948737430059,Si
28.877495469007158,9.638655421618978,No
20.41329099943843,18.702380008501038,No
61.94262196183076,19.52606182764226,No
72.57430053142174,26.259765009516833,No
70.47614265362401,21.99461742329244,No
95.39749186484566,2.4372152137635794,No
10.243289250415243,9.937391434498096,No
68.24769885046325,18.071430517434163,No
64.03530133878756,-4.462526345425943,Si
62.986564897325934,-2.240368095992107,Si
96.64932878562182,9.241697924394906,No
11.518450603303572,1.9298319482205084,No
72.6834187631305,24.5023699913638,No
83.23107847316771,13.451092860824719,No
55.88264769594257,3.9466079087347072,No
40.05683826371282,23.953321024176404,No
81.17561469046645,22.195137942169552,No
18.751863306918217,29.934195083970778,No
49.783207395693275,23.892307533349395,No
56.79571371137544,6.578261392227187,No
72.45607698410927,-4.900044729200461,Si
18.179715882916852,23.625636328019112,No
30.498355138407486,-7.609683281584241,Si
46.927140642111304,4.010848293794167,No
66.09652057181177,26.78951923085095,No
89.82647030956757,28.430658937804026,No
65.69435514172389,15.622583740848736,No
22.011532384144097,17.545932679348542,No
98.25221195085541,-8.3018204509791,Si
88.46071612799436,10.579213643581916,No
55.24486850307916,11.874727152253648,No
93.01131836169696,3.604029844964444,No
58.72427143814222,-7.256126609844626,Si
93.09754611002468,-0.8436960110242389,Si
84.69076317430088,4.319357474447854,No
97.14577692648676,7.405679460653186,No
92.78045297003425,13.637069021342768,No
13.243043568571252,18.895660747929455,No
25.729480374484595,2.705274930957845,No
45.02212093910672,3.158150396759325,No
95.69284275658786,-9.212334291051851,Si
37.00260275283367,-8.365005596239268,Si
24.442087949884094,0.31286777234145546,No
89.76741994779039,19.609799906998266,No
50.175497393488264,15.132553214956488,No
91.70880349188934,20.79156082711339,No
24.420741968812894,20.75677744859287,No
69.50057603572895,24.26269870677205,No
49.623737754654265,18.812770639475342,No
16.883809212725687,29.160436760032916,No
72.68168301872505,25.953008772072693,No
32.26588799852384,13.46868664892937,No
13.565397032156596,13.52630681964687,No
15.394986842461593,-8.629318385910821,Si
15.49706833601086,29.94106310833417,No
91.69596617365355,-4.736960105354329,Si
76.58955260461909,19.613887865263678,No
90.82561214923615,22.840607804972358,No
70.53240801668693,4.922181172208129,No
57.60459361277948,-2.12591781338745,Si
37.40017279126404,-6.049604528377799,Si
99.8166026195806,19.944240233183113,No
42.59701530454504,8.106141168227829,No
52.35840542925186,18.548710360045426,No
44.04206574311156,26.616305954072025,No
98.15742364019127,-4.1366505539577325,Si
25.71925468555052,26.76684002895199,No
39.518920081727174,6.465058380337467,No
71.23137994135014,2.2106803958915613,No
15.688685650476758,27.722490424111164,No
64.65244366103869,29.626067704255973,No
52.98818525887745,-2.0443112893020743,Si
35.5599979085891,16.27353387807933,No
31.45719528316522,-5.7401874491575855,Si
56.30614689688811,16.03656015430023,No
43.11348224833372,23.09252911103399,No
51.086790213638984,17.379941860962703,No
40.37296435878159,6.693325682503829,No
97.34443242363798,5.322654382550782,No
22.009548857104363,5.724896608936682,No
18.712355786053678,13.588472719716925,No
40.905255591182446,25.262690802899826,No
63.19242107834421,27.162646290750715,No
69.32588246650255,-7.858815191707276,Si
45.753107245123786,-2.735104214172468,Si
99.9350194529954,-5.5110273668684595,Si
41.67036965737383,-2.266614369323441,Si
74.92660011639572,3.8643124243668723,No
67.38244250777136,10.261267304904955,No
83.17484769227146,15.178449080366086,No
97.8603097108438,19.28568876558806,No
90.08142908009862,25.60446165543228,No
78.81057769219377,29.56353748919163,No
72.84236300364614,16.514259142284793,No
40.194835270830964,23.81458074671052,No
23.29170203860366,21.121553876987956,No
15.63724027538288,2.301281568748479,No
31.771153378133633,25.027690809396923,No
48.90533330631688,-8.289474482088046,Si
56.97966462669842,-9.985306249941686,Si
79.57751986493845,0.9493051755385693,No
96.28668307509336,8.483901185097995,No
20.55884323463299,15.534515800027094,No
19.63037261744124,-5.929189338218208,Si
63.072525071219566,16.920405353393598,No
77.08582665525637,22.07263468238778,No
86.33353423122864,-2.587483216825328,Si
94.22488721951098,6.605010193271752,No
98.50836180345779,10.79939959813239,No
45.98215230020733,8.072280723379226,No
44.23016651748158,21.993197235538826,No
23.302780902754513,28.420895924773234,No
71.64409948152036,21.958126560327198,No
69.10857625967535,-6.880287284967017,Si
87.58563362660865,22.19742288636509,No
18.753219530887655,-7.336146710577953,Si
54.79992170428076,-0.5611845903372004,Si
62.297373670485676,-3.8761241265710877,Si
31.740133603592657,-2.099235726156583,Si
25.212286551624516,11.132605082294024,No
87.36227527776593,16.867594304434146,No
15.26814300120029,8.81285129344164,No
52.35588135262656,28.38782556116974,No
20.425060117079674,-0.38830719879333486,Si
51.135288519823064,20.525609210191718,No
98.19660937080783,24.807287140285943,No
48.13357181099255,12.482644430188763,No
87.14124257541106,8.248900078462125,No
20.55840077648745,13.847377871169748,No
34.41268690856777,7.152390806413717,No
46.341346660060104,12.207755292934777,No
45.98309260083977,6.677358085152065,No
70.42451308031377,6.01878841176536,No
41.024631463795686,17.81385872558119,No
74.23901815690147,-6.285951477281282,Si
67.52682093028533,-3.338317090847167,Si
45.924503072929575,24.047938868600156,No
48.858411488888734,20.843093872607522,No
65.30749298292886,1.258149091775751,No
16.303797113018017,5.090757306630408,No
84.01660645201213,27.041060265139222,No
68.80790450022732,22.723089006954453,No
75.37082179760517,14.573851999185234,No
58.32307009741514,-1.1403928478816905,Si
19.942939989257027,-8.229921147389216,Si
46.45320519672549,7.250313873675928,No
46.48362245637004,16.905085570298475,No
38.89386910388952,23.13921962071406,No
12.695529241427442,24.107560229690776,No
76.35288183368296,-8.688963948265464,Si
19.880601225625064,-0.23371864652482444,Si
64.56773197405766,3.5637835390961214,No
73.28957468204942,-2.4507115616245656,Si
67.13076906403253,22.119015134553514,No
96.32280267801775,20.6986305233977,No
19.296833957662475,10.67332161523883,No
88.04504431946792,29.31705911983422,No
12.627121136402193,-4.2376583563663095,Si
58.142516943437556,25.986068133106755,No
46.38192561453329,-5.3414698335233535,Si
57.17654743543824,-3.472731779435172,Si
42.85898893540088,17.848768010024752,No
27.151022344606126,-5.617212318332427,Si
11.72106077038208,12.633803816748433,No
56.63348324120569,6.809341458906143,No
85.84991764163581,19.138958621640594,No
43.589436017031474,26.027009552354606,No
30.05774362134822,20.794860586762212,No
17.247880312465966,23.987595056847532,No
17.677983080683305,-8.682182058750705,Si
29.9256801663495,2.4078199297681238,No
19.001265482939967,10.617323467453296,No
33.85357285280338,6.63813258519118,No
15.953451590525924,-0.7498018808124627,Si
15.904438048893308,2.314963918400931,No
87.06485616605038,27.817238815664226,No
24.59082346379499,1.767235194854063,No
60.371416524110316,4.156164407191429,No
79.61099900041275,-9.851609049999253,Si
51.076860880515994,23.80310509111498,No
23.803199007341114,-3.806371863936935,Si
27.96365279081029,-1.834228979450959,Si
48.96857856530627,0.21058068368102312,No
57.54106802606822,25.384882273793707,No
41.44962628436814,-1.7419435501474112,Si
80.33316402111952,21.901054434717597,No
77.59194839707585,22.32197361291618,No
93.44906266358062,27.080822751455834,No
12.605729412426449,-5.377547455987441,Si
90.61221620891831,-1.3088411064867458,Si
45.33119096159359,19.715931683228852,No
89.05352458419947,-2.1599698287704383,Si
72.17062985408765,1.453181874937961,No
98.86138813665714,-3.3303367955454943,Si
78.33542065450013,-3.092132553798028,Si
42.809016339710794,9.262134185128229,No
55.09568555512769,-5.612677515481659,Si
43.875023967491614,2.8679047385448886,No
42.84206524191143,7.063756383955159,No
33.48140494429538,-9.018075339040896,Si
54.637326583612264,5.533326658978105,No
71.3565950562425,-6.235102556579322,Si
34.96062441747192,9.743141245847067,No
57.1941829969498,23.02952754228385,No
20.564226475350146,22.73688648727149,No
24.386075816877216,-6.7820593785039796,Si
14.212571924096988,14.049110306980808,No
97.36582984935696,23.38345527884946,No
10.347431635923499,-0.4810982826145871,Si
26.072197125189067,20.477060457983963,No
65.15800778052932,25.63057385800373,No
17.323263896797478,22.244966057617766,No
89.3706852787149,-5.707958739379819,Si
74.76581420580594,-9.637600019104603,Si
96.97509742941041,-2.3310356031261747,Si
55.68719925166884,0.8190936378649294,No
37.03633148426385,14.647319624638378,No
59.45505155157443,5.3709270096927355,No
93.77368455681759,18.13628122645894,No
56.86852935176745,4.122998420864343,No
34.048632867608674,-3.822983013815988,Si
88.96589102567077,2.507593739441404,No
43.47268736612152,25.3729690555654,No
10.124501499909922,28.34129376980259,No
32.29165202430843,-1.69949063730526,Si
38.64101582593561,21.538735480977653,No
87.2899721408712,0.9339494615948283,Si
51.26528503598005,25.4852617372563,No
50.01285590301707,-3.3781754881497816,Si
40.249203975989865,16.638396747762275,No
89.26103107423717,-6.631549411472699,Si
95.05240992463523,28.955732958954783,No
99.27012962391665,18.02533378562171,No
43.90671402648881,23.672629576203413,No
96.95327010644542,12.666773574521383,No
81.26916126678113,9.07205455715441,No
70.812023287984,14.875295655774604,No
32.04005314780895,11.149660467977924,No
29.481153484978883,8.77537420580612,No
24.944304206912108,20.378010058305712,No
93.04809492028288,-2.871961802429275,Si
36.466899614484944,-3.1531180737936593,Si
50.77848209039906,7.273706025988247,No
54.45620505885012,2.8299166417978405,No
80.03544359052287,-7.035019283479036,Si
85.98114653977217,23.778819696749373,No
22.516543103375152,20.86411226777399,No
48.42139241899663,11.756859992119391,No
85.85693990519114,29.172981490574756,No
83.62299751802546,-7.0959973380957875,Si
19.217238260717476,20.666772041115,No
24.074501398116674,0.6548156643638734,No
37.3778822439467,4.743956797743017,No
16.78231621750063,-1.2288245918772986,Si
48.21967025565336,21.561515658474608,No
19.68559346346237,-4.23039591913736,Si
61.13958343028605,23.600667909411122,No
32.19012458300405,16.463105929193354,No
63.678975881466044,-7.639070189235411,Si
20.57730786132739,22.439269264006136,No
97.829548157668,15.110228646519175,No
93.93050834716064,26.199292783133657,No
45.26172447081992,19.94889225634553,No
31.79607347134769,12.444837097190991,No
32.53583915682155,23.461887224767906,No
53.505418168215286,1.1220095320488852,No
13.599352171064528,11.878002473782544,No
67.57345954676143,1.7446727921364058,No
46.74726175057703,28.728175643620347,No
43.96659153299986,-0.9521479663197461,Si
82.84284743402786,-9.3704704131815,Si
73.8131914164961,3.034193680151848,No
95.89004338534228,10.100375878792185,No
41.674261644612166,-8.865482630796997,Si
90.77884881844649,12.369932001356293,No
79.297046762508,24.971310998049205,No
42.16821864352417,18.189287776666806,No
65.9498892807932,14.918732919132172,No
35.9712961886526,28.23847002833005,No
88.69599253673582,28.331173353684235,No
20.118458549108013,22.970658788129143,No
29.11909251646369,14.309673895434042,No
26.472996287192903,9.510582379908268,No
46.27234021638598,-9.467355470141307,Si
77.07096640289163,14.250476249061656,No
57.42167041469623,29.563523014274146,No
53.89086911843868,22.724042000961163,No
10.04913684072961,3.6241857553740786,No
48.286155281954926,-3.918118998223119,Si
15.719839735254258,21.362344578686162,No
28.742792690933545,19.75751282526966,No
93.91545450644449,28.68187167917292,No
29.385838390891436,24.993694477573555,No
87.25038747708362,12.226505010896297,No
82.26040344052008,-5.948630121410314,Si
24.323161324801855,9.340026335358402,No
64.5140761543251,2.5478021608926795,No
20.4095684714512,10.496339280993592,No
75.50993425325603,2.0680629855861277,No
67.3716049634986,24.472919679023832,No
83.07447055219174,23.773080559312888,No
53.14460944502692,2.618606286682237,No
92.33767790500445,13.983253854959798,No
14.441405210959573,7.207234305562164,No
36.35997085243132,26.36371028114253,No
74.35473377186503,-2.505563942947089,Si
47.62982905732008,17.909136071398372,No
25.565621884404074,28.81501311348866,No
19.648967088569144,-2.988979217476393,Si
83.56052003154593,-1.921342863031871,Si
52.58286806190798,17.748933546889116,No
89.40553047271966,21.166156980996558,No
75.99602208850534,9.621962191757309,No
46.87535850676692,14.387458605884852,No
43.61599127401153,-1.4927036475268487,Si
56.407451198612655,9.064569142693042,No
90.01539578707558,-5.517124765003394,Si
76.35507217427511,2.8568770110265884,No
10.46376678421209,1.3911882012381724,No
72.4742066232213,7.785014404096803,No
92.75566662152386,27.20505448974788,No
73.94101835540424,-2.749293514086304,Si
25.930520341074633,6.05552986498882,No
53.51663146847128,14.62388876438579,No
22.628441613107746,27.86228344296007,No
42.309575050566885,-4.674072338569273,Si
94.34053377464659,26.71506467972454,No
93.09747768028375,-6.757848454637538,Si
35.45531669584746,9.229655886410576,No
40.566793974957925,8.183594689219312,No
64.01915813181645,-1.6158908449121778,Si
96.6877565734342,3.8983867246339,No
23.302120065885138,8.166610733935926,No
33.12249793180022,24.608458516425166,No
88.62011445616943,28.20256581494239,No
54.270300853751,10.75702714548661,No
90.90649830043286,24.803991611776873,No
26.696610777085866,14.326863427071178,No
57.940172872422465,3.9634936795070175,No
39.364266938443514,-2.2322316954612376,Si
38.488830390322846,6.5253908713105915,No
50.21892675515792,10.91297131695391,No
48.97697041911416,-8.222264469617752,Si
42.1612191710159,-4.166353365165971,Si
92.34736932840568,14.007376959257599,No
75.85697668896034,-0.9999362129135179,Si
75.47922921983768,23.4930550432519,No
36.09221046327599,3.077689990967624,No
61.993848188515635,-5.806631709869965,Si
80.12614899716506,-6.658776457787319,Si
81.60313316888917,27.48492082127119,No
41.0077414678881,-5.279187550324833,Si
79.3785480911783,-4.363609433517599,Si
76.23045071269597,24.506642317310117,No
22.735583705971024,0.1715252110937584,No
87.93509217098295,16.638056430176643,No
49.71893231623697,22.669027481195656,No
53.77694039997989,14.287225605207684,No
50.35322610081976,28.299541737913977,No
61.106140132975675,18.355315970433654,No
65.90523226303492,-5.489939603853666,Si
54.83616091866491,12.336401061835197,No
88.0109688933186,18.727461043567356,No
66.49612805757559,22.07828961493781,No
46.128515437496795,-8.94714658863634,Si
47.50225812178399,18.75515661085698,No
82.97547536160563,23.027232840777984,No
41.337274847186805,19.873352437414262,No
29.03093162041722,10.493965826223924,No
15.344486920521032,8.320838523552116,No
88.84241631285167,11.976743331992633,No
92.6691806071315,18.18574795306408,No
20.810816394712838,26.91657162529942,No
40.10263673465034,14.681408425645,No
25.783486256371948,25.513372251338787,No
20.430862194329176,18.050273897829094,No
90.98800687000272,-7.266544902446097,Si
15.118953323081993,10.033127600064873,No
98.24370971221062,1.4594539326096942,No
18.680577462764575,1.4069971253028903,No
87.71235842742271,4.237102048639368,No
60.985549629024646,2.589310880019031,No
43.112573903608606,13.144399204684007,No
40.81081389626421,17.344060014142283,No
78.16277289139379,0.7499754830694183,No
38.31159655038585,-4.8094950972647466,Si
69.15870249554277,-7.647651162621516,Si
56.55934751644721,13.03011380122209,No
53.646908064226345,-2.5547933466799044,Si
91.10459535842455,-9.630080231052025,Si
59.91805527582336,27.110123172948164,No
84.41754427438255,11.485616763329624,No
75.30161806913405,-6.302072790121089,Si
13.470152145309852,23.716844485099415,No
79.57990472548772,29.328109531604724,No
29.51832250819366,7.944026480708686,No
91.28346821664144,-8.300415670473672,Si
13.863177154794881,-5.29816236975746,Si
39.97648310268869,5.266149865817287,No
18.97596525112786,25.420905497955083,No
52.80302053763594,-4.078452828889518,Si
83.80201922827766,22.959603760107818,No
36.83686236967577,-9.400949591239222,Si
23.584140757993744,8.29554795143244,No
39.724033212720926,15.775885638022725,No
83.24921277285723,-7.584820718976144,Si
22.63455620194122,14.590510024659466,No
30.462620416975163,27.776164858782245,No
16.196676804403655,-3.5896031945361973,Si
73.51390395906469,19.184455321414113,No
45.570991918270316,14.363755917741734,No
37.975597942898446,-2.5953444448307783,Si
74.67637513070368,-9.751863411625358,Si
40.23797881062297,-9.628621979762917,Si
75.49941458929763,11.283696366881145,No
83.36794557828821,27.71117638244774,No
29.58965591119646,15.771945098624496,No
97.6436827161385,18.571993851749745,No
24.61221531214001,9.754619476821485,No
36.17568159910683,13.275557705382791,No
26.181576175018748,-4.945298986775861,Si
41.0955090720701,25.072824816025232,No
53.205479903868,20.431705146672073,No
56.995828210190716,29.927958113784385,No
86.82454380666448,1.9089179022248537,No
90.050311793428,-0.9192891281576863,Si
29.809347470281573,-4.993533681546283,Si
66.06046289671772,28.568390264641792,No
20.0346451568844,21.235407385120944,No
51.307287416386146,-3.3470154512144523,Si
39.010018424195636,12.107458844328555,No
38.48506709082457,6.5507283226910715,No
53.43258175408909,-3.9405596877522875,Si
75.68448719763408,-3.517080598801381,Si
16.226439291315053,28.538799789807427,No
89.1256003918664,2.198567318308889,No
76.1332397167505,27.65757166735773,No
25.884945000015414,-6.975573077396624,Si
94.52448181786333,8.432121691727623,No
55.568100162104976,-4.815238059329596,Si
99.98277203052687,-9.808504590353113,Si
27.75335268706639,12.15064294824306,No
58.14173785448812,-5.444235807545463,Si
36.122323830393555,18.880981237347186,No
37.37562016503219,17.924655028275982,No
63.195884275059115,-2.946683701420434,Si
92.954716018375,27.669685730620664,No
82.47374700212575,18.841736337299583,No
75.15472586511933,1.9188105662771981,No
60.3256403891532,18.369350558031627,No
93.0068653300703,19.277211107261436,No
54.312526602179574,3.689053250038423,No
88.64489605012463,5.023542498458369,No
85.05834794889685,4.364260306132003,No
29.24518121214279,14.664737742082963,No
79.41029166693193,26.016405861607176,No
11.095404124893289,-3.072270550856495,Si
39.054658379327876,25.007984393452737,No
30.66107002227548,-8.8938737397863,Si
55.61766626385821,16.4135438391289,No
76.3167845512707,6.577554927587769,No
18.79087307029517,21.65126208929975,No
56.34299817430916,18.84792451723612,No
94.4570819524947,9.204312285807358,No
30.578189588465097,15.75456146890387,No
70.94270297002817,10.070925227997808,No
